{
    "version_modelo": "2",
    "semilla": 42,
    "algoritmo": "LogisticRegression",
    "vectorizador": "TfidfVectorizer",
    "accuracy": 0.7538461538461538,
    "f1_macro": 0.6265136103845782,
    "registros_totales": 647,
    "registros_entrenamiento": 517,
    "registros_prueba": 130,
    "matriz_confusion": [
        [
            11,
            5,
            0
        ],
        [
            10,
            80,
            8
        ],
        [
            0,
            9,
            7
        ]
    ],
    "reporte_clasificacion": {
        "negative": {
            "precision": 0.5238095238095238,
            "recall": 0.6875,
            "f1-score": 0.5945945945945946,
            "support": 16.0
        },
        "neutral": {
            "precision": 0.851063829787234,
            "recall": 0.8163265306122449,
            "f1-score": 0.8333333333333334,
            "support": 98.0
        },
        "positive": {
            "precision": 0.4666666666666667,
            "recall": 0.4375,
            "f1-score": 0.45161290322580644,
            "support": 16.0
        },
        "accuracy": 0.7538461538461538,
        "macro avg": {
            "precision": 0.6138466734211415,
            "recall": 0.6471088435374149,
            "f1-score": 0.6265136103845782,
            "support": 130.0
        },
        "weighted avg": {
            "precision": 0.7634759566674459,
            "recall": 0.7538461538461538,
            "f1-score": 0.7569691279368699,
            "support": 130.0
        }
    }
}